component,seconds
fom_s,30.139957095845602
rom_s,7.435795009019785
io_s,27.25015084387269
