component,seconds
fom_s,45.402887441858184
rom_s,25.13644136080984
io_s,0.7854469880694523
