{
  "fom_s": 45.402887441858184,
  "io_s": 0.7854469880694523,
  "rom_s": 25.13644136080984
}
